Client_ID	Predicted_Label
10902	Good
10903	Good
10904	Good
10905	Good
10906	Bad
10907	Good
10908	Good
10909	Bad
10910	Bad
10911	Good
10912	Good
10913	Good
10914	Bad
10915	Good
10916	Good
10917	Good
10918	Good
10919	Bad
10920	Good
10921	Good
10922	Good
10923	Good
10924	Good
10925	Good
10926	Bad
10927	Bad
10928	Good
10929	Bad
10930	Bad
10931	Good
10932	Bad
10933	Bad
10934	Good
10935	Good
10936	Bad
10937	Good
10938	Good
10939	Good
10940	Good
10941	Good
10942	Good
10943	Good
10944	Good
10945	Good
10946	Good
10947	Good
10948	Good
10949	Good
10950	Good
10951	Good
10952	Good
10953	Good
10954	Bad
10955	Good
10956	Good
10957	Good
10958	Good
10959	Good
10960	Good
10961	Good
10962	Good
10963	Bad
10964	Good
10965	Good
10966	Bad
10967	Bad
10968	Good
10969	Good
10970	Good
10971	Good
10972	Good
10973	Good
10974	Good
10975	Good
10976	Good
10977	Bad
10978	Good
10979	Good
10980	Good
10981	Good
10982	Good
10983	Bad
10984	Good
10985	Bad
10986	Bad
10987	Good
10988	Bad
10989	Good
10990	Good
10991	Good
10992	Good
10993	Good
10994	Good
10995	Good
10996	Good
10997	Bad
10998	Good
10999	Good
11000	Good
11001	Bad
11002	Good
11003	Good
11004	Good
11005	Good
11006	Good
11007	Good
11008	Good
11009	Good
11010	Good
11011	Good
11012	Good
11013	Good
11014	Good
11015	Bad
11016	Bad
11017	Good
11018	Bad
11019	Bad
11020	Good
11021	Good
11022	Good
11023	Good
11024	Good
11025	Bad
11026	Bad
11027	Bad
11028	Good
11029	Good
11030	Good
11031	Bad
11032	Good
11033	Good
11034	Good
11035	Good
11036	Bad
11037	Good
11038	Bad
11039	Bad
11040	Good
11041	Good
11042	Good
11043	Good
11044	Good
11045	Good
11046	Good
11047	Good
11048	Good
11049	Good
11050	Good
11051	Bad
11052	Good
11053	Good
11054	Good
11055	Good
11056	Good
11057	Good
11058	Good
11059	Good
11060	Good
11061	Good
11062	Bad
11063	Good
11064	Good
11065	Bad
11066	Good
11067	Good
11068	Good
11069	Good
11070	Good
11071	Good
11072	Good
11073	Bad
11074	Bad
11075	Good
11076	Good
11077	Good
11078	Good
11079	Good
11080	Good
11081	Good
11082	Good
11083	Good
11084	Good
11085	Good
11086	Bad
11087	Bad
11088	Good
11089	Good
11090	Good
11091	Good
11092	Good
11093	Good
11094	Bad
11095	Good
11096	Good
11097	Bad
11098	Good
11099	Bad
11100	Bad
